document_id,heat_number,element,value,unit,status,acceptance,safe_for_operational_use,evidence_ids
05_MATERIAL_CERTIFICATE,AN4T,C,0.021,percent,OBSERVED,ACCEPTED,True,"[""EV-05_MATERIAL_CERTIFICATE-005""]"
05_MATERIAL_CERTIFICATE,AN4T,Ni,8.078,percent,OBSERVED,ACCEPTED,True,"[""EV-05_MATERIAL_CERTIFICATE-006""]"
05_MATERIAL_CERTIFICATE,AN4T,Co,0.044,percent,OBSERVED,ACCEPTED,True,"[""EV-05_MATERIAL_CERTIFICATE-007""]"
05_MATERIAL_CERTIFICATE,AN4T,Cr,18.211,percent,OBSERVED,ACCEPTED,True,"[""EV-05_MATERIAL_CERTIFICATE-008""]"
05_MATERIAL_CERTIFICATE,AN4T,Mo,0.277,percent,OBSERVED,ACCEPTED,True,"[""EV-05_MATERIAL_CERTIFICATE-009""]"
05_MATERIAL_CERTIFICATE,AN4T,Nb,0.004,percent,OBSERVED,ACCEPTED,True,"[""EV-05_MATERIAL_CERTIFICATE-010""]"
05_MATERIAL_CERTIFICATE,AN4T,Ta,0.003,percent,OBSERVED,ACCEPTED,True,"[""EV-05_MATERIAL_CERTIFICATE-011""]"
05_MATERIAL_CERTIFICATE,AN4T,B,0.0002,percent,PROPOSED_CROSS_DOCUMENT,REVIEW,False,"[""EV-05_MATERIAL_CERTIFICATE-012"", ""EV-07_LADLE_CHEMISTRY-009""]"
07_LADLE_CHEMISTRY,AN4T,C,0.021,percent,OBSERVED,ACCEPTED,True,"[""EV-07_LADLE_CHEMISTRY-003""]"
07_LADLE_CHEMISTRY,AN4T,Cr,18.211,percent,OBSERVED,ACCEPTED,True,"[""EV-07_LADLE_CHEMISTRY-004""]"
07_LADLE_CHEMISTRY,AN4T,Ni,8.078,percent,OBSERVED,ACCEPTED,True,"[""EV-07_LADLE_CHEMISTRY-005""]"
07_LADLE_CHEMISTRY,AN4T,Mo,0.277,percent,OBSERVED,ACCEPTED,True,"[""EV-07_LADLE_CHEMISTRY-006""]"
07_LADLE_CHEMISTRY,AN4T,Nb,0.004,percent,OBSERVED,ACCEPTED,True,"[""EV-07_LADLE_CHEMISTRY-007""]"
07_LADLE_CHEMISTRY,AN4T,Ta,0.003,percent,OBSERVED,ACCEPTED,True,"[""EV-07_LADLE_CHEMISTRY-008""]"
07_LADLE_CHEMISTRY,AN4T,B,0.0002,percent,OBSERVED,ACCEPTED,True,"[""EV-07_LADLE_CHEMISTRY-009""]"
07_LADLE_CHEMISTRY,AN4T,Co,0.044,percent,OBSERVED,ACCEPTED,True,"[""EV-07_LADLE_CHEMISTRY-010""]"
10_CERTIFICATE_DUPLICATE_SCAN,AN4T,C,0.021,percent,OBSERVED,ACCEPTED,True,"[""EV-10_CERTIFICATE_DUPLICATE_SCAN-005""]"
10_CERTIFICATE_DUPLICATE_SCAN,AN4T,Ni,8.078,percent,OBSERVED,ACCEPTED,True,"[""EV-10_CERTIFICATE_DUPLICATE_SCAN-006""]"
10_CERTIFICATE_DUPLICATE_SCAN,AN4T,Co,0.044,percent,OBSERVED,ACCEPTED,True,"[""EV-10_CERTIFICATE_DUPLICATE_SCAN-007""]"
10_CERTIFICATE_DUPLICATE_SCAN,AN4T,Cr,18.211,percent,OBSERVED,ACCEPTED,True,"[""EV-10_CERTIFICATE_DUPLICATE_SCAN-008""]"
10_CERTIFICATE_DUPLICATE_SCAN,AN4T,Mo,0.277,percent,OBSERVED,ACCEPTED,True,"[""EV-10_CERTIFICATE_DUPLICATE_SCAN-009""]"
10_CERTIFICATE_DUPLICATE_SCAN,AN4T,Nb,0.004,percent,OBSERVED,ACCEPTED,True,"[""EV-10_CERTIFICATE_DUPLICATE_SCAN-010""]"
10_CERTIFICATE_DUPLICATE_SCAN,AN4T,Ta,0.003,percent,OBSERVED,ACCEPTED,True,"[""EV-10_CERTIFICATE_DUPLICATE_SCAN-011""]"
10_CERTIFICATE_DUPLICATE_SCAN,AN4T,B,0.0002,percent,PROPOSED_CROSS_DOCUMENT,REVIEW,False,"[""EV-10_CERTIFICATE_DUPLICATE_SCAN-012"", ""EV-07_LADLE_CHEMISTRY-009""]"
