document_fragment,field_name,expected,actual,acceptance,correct,accepted_correct,evidence_ids
01_PURCHASE,po_number,PO-1001,LTTS-PO-2024-0847,ACCEPTED,False,False,"[""EV-01_PURCHASE_ORDER-001""]"
01_PURCHASE,part_number,PN-70725,PN-304L-PLT-0750,ACCEPTED,False,False,"[""EV-01_PURCHASE_ORDER-003""]"
01_PURCHASE,material_grade,INCONEL 725,INCONEL 725,ACCEPTED,True,True,"[""EV-01_PURCHASE_ORDER-004""]"
01_PURCHASE,quantity,45,12,ACCEPTED,False,False,"[""EV-01_PURCHASE_ORDER-005""]"
02_SUPPLIER,po_number,PO-1001,LTTS-PO-2024-0847,ACCEPTED,False,False,"[""EV-02_SUPPLIER_INVOICE-002""]"
02_SUPPLIER,part_number,PN-70725,PN-304L-PLT-0750,ACCEPTED,False,False,"[""EV-02_SUPPLIER_INVOICE-004"", ""EV-01_PURCHASE_ORDER-003""]"
02_SUPPLIER,quantity,44,11,ACCEPTED,False,False,"[""EV-02_SUPPLIER_INVOICE-005""]"
03_BOM,po_number,PO-1001,,NOT_EMITTED,False,False,[]
03_BOM,part_number,PN-70725,PN-304L-PLT-0750,ACCEPTED,False,False,"[""EV-03_BOM-002""]"
03_BOM,material_grade,INCONEL 725,INCONEL 725,ACCEPTED,True,True,"[""EV-03_BOM-003""]"
04_MATERIAL_SPEC,material_grade,INCONEL 725,INCONEL 725,ACCEPTED,True,True,"[""EV-04_MATERIAL_SPEC_REV2-002""]"
05_MATERIAL_CERT,heat_number,W3535,AN4T,ACCEPTED,False,False,"[""EV-05_MATERIAL_CERTIFICATE-002""]"
05_MATERIAL_CERT,material_grade,INCONEL 725,INCONEL 725,ACCEPTED,True,True,"[""EV-05_MATERIAL_CERTIFICATE-003""]"
05_MATERIAL_CERT,chemistry.Ni,58.1,8.078,ACCEPTED,False,False,"[""EV-05_MATERIAL_CERTIFICATE-006""]"
05_MATERIAL_CERT,chemistry.Cr,20.8,18.211,ACCEPTED,False,False,"[""EV-05_MATERIAL_CERTIFICATE-008""]"
06_CERTIFICATE,po_number,PO-1001,LTTS-PO-2024-0847,ACCEPTED,False,False,"[""EV-06_CERTIFICATE_OF_CONFORMANCE-002""]"
06_CERTIFICATE,heat_number,W3535,AN4T,ACCEPTED,False,False,"[""EV-06_CERTIFICATE_OF_CONFORMANCE-004""]"
07_LADLE,heat_number,W3535,AN4T,ACCEPTED,False,False,"[""EV-07_LADLE_CHEMISTRY-001""]"
07_LADLE,material_grade,INCONEL 725,INCONEL 725,ACCEPTED,True,True,"[""EV-07_LADLE_CHEMISTRY-002""]"
07_LADLE,chemistry.Ni,58.14,8.078,ACCEPTED,False,False,"[""EV-07_LADLE_CHEMISTRY-005""]"
07_LADLE,chemistry.Cr,20.8,18.211,ACCEPTED,False,False,"[""EV-07_LADLE_CHEMISTRY-004""]"
08_MECHANICAL,heat_number,W3535,AN4T,ACCEPTED,False,False,"[""EV-08_MECHANICAL_PROPERTIES-001""]"
08_MECHANICAL,part_number,PN-70725,,NOT_EMITTED,False,False,[]
08_MECHANICAL,tensile_strength_mpa,910.107963,653.071411,ACCEPTED,False,False,"[""EV-08_MECHANICAL_PROPERTIES-003""]"
09_HARDNESS,heat_number,W3535,AN4T,ACCEPTED,False,False,"[""EV-09_HARDNESS_TABLE-001""]"
11_MATERIAL_SPEC,material_grade,INCONEL 725,INCONEL 725,ACCEPTED,True,True,"[""EV-11_MATERIAL_SPEC_OLD_REV1-002""]"
12_FINAL,part_number,PN-70725,PN-304L-PLT-0750,ACCEPTED,False,False,"[""EV-12_FINAL_INSPECTION-001""]"
12_FINAL,heat_number,W3535,AN4T,ACCEPTED,False,False,"[""EV-12_FINAL_INSPECTION-002""]"
