source,target,type,status,join_keys,corroboration,evidence
PO:LTTS-PO-2024-0847,PART:PN-304L-PLT-0750,orders,LINKED,"[""po_number"", ""part_number""]",[],"[""EV-01_PURCHASE_ORDER-001"", ""EV-01_PURCHASE_ORDER-003""]"
PART:PN-304L-PLT-0750,BOM:BOM-HDS-304L-R2,defined_by,LINKED,"[""part_number""]","[""po_number"", ""material_grade""]","[""EV-03_BOM-002""]"
BOM:BOM-HDS-304L-R2,SPEC:SPEC-SA240-304L:R2,requires,LINKED,"[""specification_number""]",[],"[""EV-03_BOM-004""]"
SPEC:SPEC-SA240-304L:R2,CERT:NAS-893611,validated_against,LINKED,[],[],"[""EV-05_MATERIAL_CERTIFICATE-008"", ""EV-04_MATERIAL_SPEC_REV2-004"", ""EV-04_MATERIAL_SPEC_REV2-005"", ""EV-05_MATERIAL_CERTIFICATE-006"", ""EV-04_MATERIAL_SPEC_REV2-006"", ""EV-05_MATERIAL_CERTIFICATE-009"", ""EV-04_MATERIAL_SPEC_REV2-007"", ""EV-04_MATERIAL_SPEC_REV2-008"", ""EV-05_MATERIAL_CERTIFICATE-007"", ""EV-05_MATERIAL_CERTIFICATE-010"", ""EV-05_MATERIAL_CERTIFICATE-011"", ""EV-08_MECHANICAL_PROPERTIES-003"", ""EV-04_MATERIAL_SPEC_REV2-012"", ""EV-04_MATERIAL_SPEC_REV2-013""]"
PO:LTTS-PO-2024-0847,COC:NAS-COC-2024-1847,covered_by,LINKED,"[""po_number""]","[""supplier""]","[""EV-01_PURCHASE_ORDER-001"", ""EV-06_CERTIFICATE_OF_CONFORMANCE-002""]"
COC:NAS-COC-2024-1847,CERT:NAS-893611,references_certificate,LINKED,"[""certificate_number""]","[""heat_number"", ""supplier""]","[""EV-06_CERTIFICATE_OF_CONFORMANCE-003"", ""EV-05_MATERIAL_CERTIFICATE-001""]"
CERT:NAS-893611,HEAT:AN4T,certifies,LINKED,"[""heat_number""]",[],"[""EV-05_MATERIAL_CERTIFICATE-002""]"
HEAT:AN4T,TEST:CHEM-AN4T,has_test_results,LINKED,[],[],"[""EV-05_MATERIAL_CERTIFICATE-008""]"
HEAT:AN4T,TEST:MECH-AN4T,has_test_results,LINKED,[],[],"[""EV-08_MECHANICAL_PROPERTIES-003""]"
DOC:11_MATERIAL_SPEC_OLD_REV1,DOC:04_MATERIAL_SPEC_REV2,superseded_by,,,,[]
