field_id,document_id,evidence_id
FD-01_PURCHASE_ORDER-po_number,01_PURCHASE_ORDER,EV-01_PURCHASE_ORDER-001
FD-01_PURCHASE_ORDER-supplier,01_PURCHASE_ORDER,EV-01_PURCHASE_ORDER-002
FD-01_PURCHASE_ORDER-part_number,01_PURCHASE_ORDER,EV-01_PURCHASE_ORDER-003
FD-01_PURCHASE_ORDER-material_grade,01_PURCHASE_ORDER,EV-01_PURCHASE_ORDER-004
FD-01_PURCHASE_ORDER-quantity,01_PURCHASE_ORDER,EV-01_PURCHASE_ORDER-005
FD-01_PURCHASE_ORDER-unit_price,01_PURCHASE_ORDER,EV-01_PURCHASE_ORDER-006
FD-01_PURCHASE_ORDER-total_amount,01_PURCHASE_ORDER,EV-01_PURCHASE_ORDER-007
FD-01_PURCHASE_ORDER-total_amount,01_PURCHASE_ORDER,EV-01_PURCHASE_ORDER-005
FD-01_PURCHASE_ORDER-total_amount,01_PURCHASE_ORDER,EV-01_PURCHASE_ORDER-006
FD-01_PURCHASE_ORDER-revision,01_PURCHASE_ORDER,EV-01_PURCHASE_ORDER-008
FD-02_SUPPLIER_INVOICE-invoice_number,02_SUPPLIER_INVOICE,EV-02_SUPPLIER_INVOICE-001
FD-02_SUPPLIER_INVOICE-po_number,02_SUPPLIER_INVOICE,EV-02_SUPPLIER_INVOICE-002
FD-02_SUPPLIER_INVOICE-supplier,02_SUPPLIER_INVOICE,EV-02_SUPPLIER_INVOICE-003
FD-02_SUPPLIER_INVOICE-part_number,02_SUPPLIER_INVOICE,EV-02_SUPPLIER_INVOICE-004
FD-02_SUPPLIER_INVOICE-part_number,02_SUPPLIER_INVOICE,EV-01_PURCHASE_ORDER-003
FD-02_SUPPLIER_INVOICE-quantity,02_SUPPLIER_INVOICE,EV-02_SUPPLIER_INVOICE-005
FD-02_SUPPLIER_INVOICE-unit_price,02_SUPPLIER_INVOICE,EV-02_SUPPLIER_INVOICE-006
FD-02_SUPPLIER_INVOICE-total_amount,02_SUPPLIER_INVOICE,EV-02_SUPPLIER_INVOICE-007
FD-03_BOM-bom_number,03_BOM,EV-03_BOM-001
FD-03_BOM-part_number,03_BOM,EV-03_BOM-002
FD-03_BOM-material_grade,03_BOM,EV-03_BOM-003
FD-03_BOM-specification_number,03_BOM,EV-03_BOM-004
FD-03_BOM-quantity,03_BOM,EV-03_BOM-005
FD-04_MATERIAL_SPEC_REV2-specification_number,04_MATERIAL_SPEC_REV2,EV-04_MATERIAL_SPEC_REV2-001
FD-04_MATERIAL_SPEC_REV2-material_grade,04_MATERIAL_SPEC_REV2,EV-04_MATERIAL_SPEC_REV2-002
FD-04_MATERIAL_SPEC_REV2-revision,04_MATERIAL_SPEC_REV2,EV-04_MATERIAL_SPEC_REV2-003
FD-04_MATERIAL_SPEC_REV2-limit.Cr.min,04_MATERIAL_SPEC_REV2,EV-04_MATERIAL_SPEC_REV2-004
FD-04_MATERIAL_SPEC_REV2-limit.Cr.max,04_MATERIAL_SPEC_REV2,EV-04_MATERIAL_SPEC_REV2-005
FD-04_MATERIAL_SPEC_REV2-limit.Ni.min,04_MATERIAL_SPEC_REV2,EV-04_MATERIAL_SPEC_REV2-006
FD-04_MATERIAL_SPEC_REV2-limit.Mo.min,04_MATERIAL_SPEC_REV2,EV-04_MATERIAL_SPEC_REV2-007
FD-04_MATERIAL_SPEC_REV2-limit.Mo.max,04_MATERIAL_SPEC_REV2,EV-04_MATERIAL_SPEC_REV2-008
FD-04_MATERIAL_SPEC_REV2-limit.NbTa.min,04_MATERIAL_SPEC_REV2,EV-04_MATERIAL_SPEC_REV2-009
FD-04_MATERIAL_SPEC_REV2-limit.NbTa.max,04_MATERIAL_SPEC_REV2,EV-04_MATERIAL_SPEC_REV2-010
FD-04_MATERIAL_SPEC_REV2-limit.B.max,04_MATERIAL_SPEC_REV2,EV-04_MATERIAL_SPEC_REV2-011
FD-04_MATERIAL_SPEC_REV2-limit.tensile.min,04_MATERIAL_SPEC_REV2,EV-04_MATERIAL_SPEC_REV2-012
FD-04_MATERIAL_SPEC_REV2-limit.tensile.max,04_MATERIAL_SPEC_REV2,EV-04_MATERIAL_SPEC_REV2-013
FD-05_MATERIAL_CERTIFICATE-certificate_number,05_MATERIAL_CERTIFICATE,EV-05_MATERIAL_CERTIFICATE-001
FD-05_MATERIAL_CERTIFICATE-heat_number,05_MATERIAL_CERTIFICATE,EV-05_MATERIAL_CERTIFICATE-002
FD-05_MATERIAL_CERTIFICATE-material_grade,05_MATERIAL_CERTIFICATE,EV-05_MATERIAL_CERTIFICATE-003
FD-05_MATERIAL_CERTIFICATE-supplier,05_MATERIAL_CERTIFICATE,EV-05_MATERIAL_CERTIFICATE-004
FD-05_MATERIAL_CERTIFICATE-chemistry.C,05_MATERIAL_CERTIFICATE,EV-05_MATERIAL_CERTIFICATE-005
FD-05_MATERIAL_CERTIFICATE-chemistry.Ni,05_MATERIAL_CERTIFICATE,EV-05_MATERIAL_CERTIFICATE-006
FD-05_MATERIAL_CERTIFICATE-chemistry.Co,05_MATERIAL_CERTIFICATE,EV-05_MATERIAL_CERTIFICATE-007
FD-05_MATERIAL_CERTIFICATE-chemistry.Cr,05_MATERIAL_CERTIFICATE,EV-05_MATERIAL_CERTIFICATE-008
FD-05_MATERIAL_CERTIFICATE-chemistry.Mo,05_MATERIAL_CERTIFICATE,EV-05_MATERIAL_CERTIFICATE-009
FD-05_MATERIAL_CERTIFICATE-chemistry.Nb,05_MATERIAL_CERTIFICATE,EV-05_MATERIAL_CERTIFICATE-010
FD-05_MATERIAL_CERTIFICATE-chemistry.Ta,05_MATERIAL_CERTIFICATE,EV-05_MATERIAL_CERTIFICATE-011
FD-05_MATERIAL_CERTIFICATE-chemistry.B,05_MATERIAL_CERTIFICATE,EV-05_MATERIAL_CERTIFICATE-012
FD-05_MATERIAL_CERTIFICATE-chemistry.B,05_MATERIAL_CERTIFICATE,EV-07_LADLE_CHEMISTRY-009
FD-05_MATERIAL_CERTIFICATE-tensile_strength_mpa,05_MATERIAL_CERTIFICATE,EV-05_MATERIAL_CERTIFICATE-013
FD-06_CERTIFICATE_OF_CONFORMANCE-coc_number,06_CERTIFICATE_OF_CONFORMANCE,EV-06_CERTIFICATE_OF_CONFORMANCE-001
FD-06_CERTIFICATE_OF_CONFORMANCE-po_number,06_CERTIFICATE_OF_CONFORMANCE,EV-06_CERTIFICATE_OF_CONFORMANCE-002
FD-06_CERTIFICATE_OF_CONFORMANCE-certificate_number,06_CERTIFICATE_OF_CONFORMANCE,EV-06_CERTIFICATE_OF_CONFORMANCE-003
FD-06_CERTIFICATE_OF_CONFORMANCE-heat_number,06_CERTIFICATE_OF_CONFORMANCE,EV-06_CERTIFICATE_OF_CONFORMANCE-004
FD-06_CERTIFICATE_OF_CONFORMANCE-supplier,06_CERTIFICATE_OF_CONFORMANCE,EV-06_CERTIFICATE_OF_CONFORMANCE-005
FD-07_LADLE_CHEMISTRY-heat_number,07_LADLE_CHEMISTRY,EV-07_LADLE_CHEMISTRY-001
FD-07_LADLE_CHEMISTRY-material_grade,07_LADLE_CHEMISTRY,EV-07_LADLE_CHEMISTRY-002
FD-07_LADLE_CHEMISTRY-chemistry.C,07_LADLE_CHEMISTRY,EV-07_LADLE_CHEMISTRY-003
FD-07_LADLE_CHEMISTRY-chemistry.Cr,07_LADLE_CHEMISTRY,EV-07_LADLE_CHEMISTRY-004
FD-07_LADLE_CHEMISTRY-chemistry.Ni,07_LADLE_CHEMISTRY,EV-07_LADLE_CHEMISTRY-005
FD-07_LADLE_CHEMISTRY-chemistry.Mo,07_LADLE_CHEMISTRY,EV-07_LADLE_CHEMISTRY-006
FD-07_LADLE_CHEMISTRY-chemistry.Nb,07_LADLE_CHEMISTRY,EV-07_LADLE_CHEMISTRY-007
FD-07_LADLE_CHEMISTRY-chemistry.Ta,07_LADLE_CHEMISTRY,EV-07_LADLE_CHEMISTRY-008
FD-07_LADLE_CHEMISTRY-chemistry.B,07_LADLE_CHEMISTRY,EV-07_LADLE_CHEMISTRY-009
FD-07_LADLE_CHEMISTRY-chemistry.Co,07_LADLE_CHEMISTRY,EV-07_LADLE_CHEMISTRY-010
FD-08_MECHANICAL_PROPERTIES-heat_number,08_MECHANICAL_PROPERTIES,EV-08_MECHANICAL_PROPERTIES-001
FD-08_MECHANICAL_PROPERTIES-material_grade,08_MECHANICAL_PROPERTIES,EV-08_MECHANICAL_PROPERTIES-002
FD-08_MECHANICAL_PROPERTIES-tensile_strength_mpa,08_MECHANICAL_PROPERTIES,EV-08_MECHANICAL_PROPERTIES-003
FD-09_HARDNESS_TABLE-heat_number,09_HARDNESS_TABLE,EV-09_HARDNESS_TABLE-001
FD-09_HARDNESS_TABLE-hardness_readings_hrc,09_HARDNESS_TABLE,EV-09_HARDNESS_TABLE-002
FD-10_CERTIFICATE_DUPLICATE_SCAN-certificate_number,10_CERTIFICATE_DUPLICATE_SCAN,EV-10_CERTIFICATE_DUPLICATE_SCAN-001
FD-10_CERTIFICATE_DUPLICATE_SCAN-heat_number,10_CERTIFICATE_DUPLICATE_SCAN,EV-10_CERTIFICATE_DUPLICATE_SCAN-002
FD-10_CERTIFICATE_DUPLICATE_SCAN-material_grade,10_CERTIFICATE_DUPLICATE_SCAN,EV-10_CERTIFICATE_DUPLICATE_SCAN-003
FD-10_CERTIFICATE_DUPLICATE_SCAN-supplier,10_CERTIFICATE_DUPLICATE_SCAN,EV-10_CERTIFICATE_DUPLICATE_SCAN-004
FD-10_CERTIFICATE_DUPLICATE_SCAN-chemistry.C,10_CERTIFICATE_DUPLICATE_SCAN,EV-10_CERTIFICATE_DUPLICATE_SCAN-005
FD-10_CERTIFICATE_DUPLICATE_SCAN-chemistry.Ni,10_CERTIFICATE_DUPLICATE_SCAN,EV-10_CERTIFICATE_DUPLICATE_SCAN-006
FD-10_CERTIFICATE_DUPLICATE_SCAN-chemistry.Co,10_CERTIFICATE_DUPLICATE_SCAN,EV-10_CERTIFICATE_DUPLICATE_SCAN-007
FD-10_CERTIFICATE_DUPLICATE_SCAN-chemistry.Cr,10_CERTIFICATE_DUPLICATE_SCAN,EV-10_CERTIFICATE_DUPLICATE_SCAN-008
FD-10_CERTIFICATE_DUPLICATE_SCAN-chemistry.Mo,10_CERTIFICATE_DUPLICATE_SCAN,EV-10_CERTIFICATE_DUPLICATE_SCAN-009
FD-10_CERTIFICATE_DUPLICATE_SCAN-chemistry.Nb,10_CERTIFICATE_DUPLICATE_SCAN,EV-10_CERTIFICATE_DUPLICATE_SCAN-010
FD-10_CERTIFICATE_DUPLICATE_SCAN-chemistry.Ta,10_CERTIFICATE_DUPLICATE_SCAN,EV-10_CERTIFICATE_DUPLICATE_SCAN-011
FD-10_CERTIFICATE_DUPLICATE_SCAN-chemistry.B,10_CERTIFICATE_DUPLICATE_SCAN,EV-10_CERTIFICATE_DUPLICATE_SCAN-012
FD-10_CERTIFICATE_DUPLICATE_SCAN-chemistry.B,10_CERTIFICATE_DUPLICATE_SCAN,EV-07_LADLE_CHEMISTRY-009
FD-10_CERTIFICATE_DUPLICATE_SCAN-tensile_strength_mpa,10_CERTIFICATE_DUPLICATE_SCAN,EV-10_CERTIFICATE_DUPLICATE_SCAN-013
FD-11_MATERIAL_SPEC_OLD_REV1-specification_number,11_MATERIAL_SPEC_OLD_REV1,EV-11_MATERIAL_SPEC_OLD_REV1-001
FD-11_MATERIAL_SPEC_OLD_REV1-material_grade,11_MATERIAL_SPEC_OLD_REV1,EV-11_MATERIAL_SPEC_OLD_REV1-002
FD-11_MATERIAL_SPEC_OLD_REV1-revision,11_MATERIAL_SPEC_OLD_REV1,EV-11_MATERIAL_SPEC_OLD_REV1-003
FD-11_MATERIAL_SPEC_OLD_REV1-limit.Cr.min,11_MATERIAL_SPEC_OLD_REV1,EV-11_MATERIAL_SPEC_OLD_REV1-004
FD-11_MATERIAL_SPEC_OLD_REV1-limit.Cr.max,11_MATERIAL_SPEC_OLD_REV1,EV-11_MATERIAL_SPEC_OLD_REV1-005
FD-11_MATERIAL_SPEC_OLD_REV1-limit.Ni.min,11_MATERIAL_SPEC_OLD_REV1,EV-11_MATERIAL_SPEC_OLD_REV1-006
FD-12_FINAL_INSPECTION-part_number,12_FINAL_INSPECTION,EV-12_FINAL_INSPECTION-001
FD-12_FINAL_INSPECTION-heat_number,12_FINAL_INSPECTION,EV-12_FINAL_INSPECTION-002
FD-12_FINAL_INSPECTION-inspector_signoff,12_FINAL_INSPECTION,EV-12_FINAL_INSPECTION-003
FD-09_HARDNESS_TABLE-hardness_row_9_col_2_hrc,09_HARDNESS_TABLE,EV-09_HARDNESS_TABLE-002
FD-CONNECTED-LTTS-PO-2024-0847-quantity,CONNECTED-LTTS-PO-2024-0847,EV-01_PURCHASE_ORDER-005
FD-CONNECTED-LTTS-PO-2024-0847-quantity,CONNECTED-LTTS-PO-2024-0847,EV-02_SUPPLIER_INVOICE-005
