field_id,document_id,name,value,unit,original_extraction,status,acceptance,confidence,critical,method,rationale,evidence_ids,safe_for_operational_use,analytics_only,requires_human_confirmation
FD-01_PURCHASE_ORDER-po_number,01_PURCHASE_ORDER,po_number,LTTS-PO-2024-0847,,LTTS-PO-2024-0847,OBSERVED,ACCEPTED,0.99,True,existing_ocr,Value supplied by the existing OCR adapter.,"[""EV-01_PURCHASE_ORDER-001""]",True,False,False
FD-01_PURCHASE_ORDER-supplier,01_PURCHASE_ORDER,supplier,North American Stainless,,North American Stainless,OBSERVED,ACCEPTED,0.98,False,existing_ocr,Value supplied by the existing OCR adapter.,"[""EV-01_PURCHASE_ORDER-002""]",True,False,False
FD-01_PURCHASE_ORDER-part_number,01_PURCHASE_ORDER,part_number,PN-304L-PLT-0750,,PN-3O4L-PLT-O750,RECOVERED_OCR,ACCEPTED,0.98,True,ocr_confusion_with_domain_candidate,Replaced an OCR O/0 confusion only after the result matched the configured part registry.,"[""EV-01_PURCHASE_ORDER-003""]",True,False,False
FD-01_PURCHASE_ORDER-material_grade,01_PURCHASE_ORDER,material_grade,INCONEL 725,,SA-240 TP304L,NORMALISED,ACCEPTED,0.99,True,alias_normalisation,Mapped a configured material-grade alias to the canonical grade.,"[""EV-01_PURCHASE_ORDER-004""]",True,False,False
FD-01_PURCHASE_ORDER-quantity,01_PURCHASE_ORDER,quantity,12,pcs,12,OBSERVED,ACCEPTED,0.99,True,existing_ocr,Value supplied by the existing OCR adapter.,"[""EV-01_PURCHASE_ORDER-005""]",True,False,False
FD-01_PURCHASE_ORDER-unit_price,01_PURCHASE_ORDER,unit_price,4850.0,USD,4850.0,OBSERVED,ACCEPTED,0.99,False,existing_ocr,Value supplied by the existing OCR adapter.,"[""EV-01_PURCHASE_ORDER-006""]",True,False,False
FD-01_PURCHASE_ORDER-total_amount,01_PURCHASE_ORDER,total_amount,58200.0,USD,,DERIVED_DETERMINISTIC,ACCEPTED,0.99,False,quantity_times_unit_price,Calculated deterministically as quantity multiplied by unit price.,"[""EV-01_PURCHASE_ORDER-007"", ""EV-01_PURCHASE_ORDER-005"", ""EV-01_PURCHASE_ORDER-006""]",True,False,False
FD-01_PURCHASE_ORDER-revision,01_PURCHASE_ORDER,revision,2,,2,OBSERVED,ACCEPTED,0.99,False,existing_ocr,Value supplied by the existing OCR adapter.,"[""EV-01_PURCHASE_ORDER-008""]",True,False,False
FD-02_SUPPLIER_INVOICE-invoice_number,02_SUPPLIER_INVOICE,invoice_number,NAS-INV-2024-39221,,NAS-INV-2024-39221,OBSERVED,ACCEPTED,0.99,False,existing_ocr,Value supplied by the existing OCR adapter.,"[""EV-02_SUPPLIER_INVOICE-001""]",True,False,False
FD-02_SUPPLIER_INVOICE-po_number,02_SUPPLIER_INVOICE,po_number,LTTS-PO-2024-0847,,LTTS-PO-2024-0847,OBSERVED,ACCEPTED,0.99,True,existing_ocr,Value supplied by the existing OCR adapter.,"[""EV-02_SUPPLIER_INVOICE-002""]",True,False,False
FD-02_SUPPLIER_INVOICE-supplier,02_SUPPLIER_INVOICE,supplier,North American Stainless,,North American Stainless,OBSERVED,ACCEPTED,0.99,False,existing_ocr,Value supplied by the existing OCR adapter.,"[""EV-02_SUPPLIER_INVOICE-003""]",True,False,False
FD-02_SUPPLIER_INVOICE-part_number,02_SUPPLIER_INVOICE,part_number,PN-304L-PLT-0750,,,RECOVERED_CROSS_DOCUMENT,ACCEPTED,0.98,True,cross_document_exact_join,Recovered from the authoritative purchase order only after exact PO-number and supplier corroboration.,"[""EV-02_SUPPLIER_INVOICE-004"", ""EV-01_PURCHASE_ORDER-003""]",True,False,False
FD-02_SUPPLIER_INVOICE-quantity,02_SUPPLIER_INVOICE,quantity,11,pcs,11,OBSERVED,ACCEPTED,0.99,True,existing_ocr,Value supplied by the existing OCR adapter.,"[""EV-02_SUPPLIER_INVOICE-005""]",True,False,False
FD-02_SUPPLIER_INVOICE-unit_price,02_SUPPLIER_INVOICE,unit_price,4850.0,USD,4850.0,OBSERVED,ACCEPTED,0.99,False,existing_ocr,Value supplied by the existing OCR adapter.,"[""EV-02_SUPPLIER_INVOICE-006""]",True,False,False
FD-02_SUPPLIER_INVOICE-total_amount,02_SUPPLIER_INVOICE,total_amount,53350.0,USD,53350.0,OBSERVED,ACCEPTED,0.99,False,existing_ocr,Value supplied by the existing OCR adapter.,"[""EV-02_SUPPLIER_INVOICE-007""]",True,False,False
FD-03_BOM-bom_number,03_BOM,bom_number,BOM-HDS-304L-R2,,BOM-HDS-304L-R2,OBSERVED,ACCEPTED,0.99,False,existing_ocr,Value supplied by the existing OCR adapter.,"[""EV-03_BOM-001""]",True,False,False
FD-03_BOM-part_number,03_BOM,part_number,PN-304L-PLT-0750,,PN-304L-PLT-0750,OBSERVED,ACCEPTED,0.99,True,existing_ocr,Value supplied by the existing OCR adapter.,"[""EV-03_BOM-002""]",True,False,False
FD-03_BOM-material_grade,03_BOM,material_grade,INCONEL 725,,SA-240 TP 304L,NORMALISED,ACCEPTED,0.99,True,alias_normalisation,Mapped a configured material-grade alias to the canonical grade.,"[""EV-03_BOM-003""]",True,False,False
FD-03_BOM-specification_number,03_BOM,specification_number,SPEC-SA240-304L,,SPEC-SA240-304L,OBSERVED,ACCEPTED,0.99,False,existing_ocr,Value supplied by the existing OCR adapter.,"[""EV-03_BOM-004""]",True,False,False
FD-03_BOM-quantity,03_BOM,quantity,12,pcs,12,OBSERVED,ACCEPTED,0.99,True,existing_ocr,Value supplied by the existing OCR adapter.,"[""EV-03_BOM-005""]",True,False,False
FD-04_MATERIAL_SPEC_REV2-specification_number,04_MATERIAL_SPEC_REV2,specification_number,SPEC-SA240-304L,,SPEC-SA240-304L,OBSERVED,ACCEPTED,0.99,False,existing_ocr,Value supplied by the existing OCR adapter.,"[""EV-04_MATERIAL_SPEC_REV2-001""]",True,False,False
FD-04_MATERIAL_SPEC_REV2-material_grade,04_MATERIAL_SPEC_REV2,material_grade,INCONEL 725,,INCONEL 725,OBSERVED,ACCEPTED,0.99,True,existing_ocr,Value supplied by the existing OCR adapter.,"[""EV-04_MATERIAL_SPEC_REV2-002""]",True,False,False
FD-04_MATERIAL_SPEC_REV2-revision,04_MATERIAL_SPEC_REV2,revision,2,,2,OBSERVED,ACCEPTED,0.99,False,existing_ocr,Value supplied by the existing OCR adapter.,"[""EV-04_MATERIAL_SPEC_REV2-003""]",True,False,False
FD-04_MATERIAL_SPEC_REV2-limit.Cr.min,04_MATERIAL_SPEC_REV2,limit.Cr.min,18.0,percent,18.0,OBSERVED,ACCEPTED,0.99,False,existing_ocr,Value supplied by the existing OCR adapter.,"[""EV-04_MATERIAL_SPEC_REV2-004""]",True,False,False
FD-04_MATERIAL_SPEC_REV2-limit.Cr.max,04_MATERIAL_SPEC_REV2,limit.Cr.max,20.0,percent,20.0,OBSERVED,ACCEPTED,0.99,False,existing_ocr,Value supplied by the existing OCR adapter.,"[""EV-04_MATERIAL_SPEC_REV2-005""]",True,False,False
FD-04_MATERIAL_SPEC_REV2-limit.Ni.min,04_MATERIAL_SPEC_REV2,limit.Ni.min,8.0,percent,8.0,OBSERVED,ACCEPTED,0.99,False,existing_ocr,Value supplied by the existing OCR adapter.,"[""EV-04_MATERIAL_SPEC_REV2-006""]",True,False,False
FD-04_MATERIAL_SPEC_REV2-limit.Mo.min,04_MATERIAL_SPEC_REV2,limit.Mo.min,0.0,percent,0.0,OBSERVED,ACCEPTED,0.99,False,existing_ocr,Value supplied by the existing OCR adapter.,"[""EV-04_MATERIAL_SPEC_REV2-007""]",True,False,False
FD-04_MATERIAL_SPEC_REV2-limit.Mo.max,04_MATERIAL_SPEC_REV2,limit.Mo.max,0.75,percent,0.75,OBSERVED,ACCEPTED,0.99,False,existing_ocr,Value supplied by the existing OCR adapter.,"[""EV-04_MATERIAL_SPEC_REV2-008""]",True,False,False
FD-04_MATERIAL_SPEC_REV2-limit.NbTa.min,04_MATERIAL_SPEC_REV2,limit.NbTa.min,0.0,percent,0.0,OBSERVED,ACCEPTED,0.99,False,existing_ocr,Value supplied by the existing OCR adapter.,"[""EV-04_MATERIAL_SPEC_REV2-009""]",True,False,False
FD-04_MATERIAL_SPEC_REV2-limit.NbTa.max,04_MATERIAL_SPEC_REV2,limit.NbTa.max,0.1,percent,0.1,OBSERVED,ACCEPTED,0.99,False,existing_ocr,Value supplied by the existing OCR adapter.,"[""EV-04_MATERIAL_SPEC_REV2-010""]",True,False,False
FD-04_MATERIAL_SPEC_REV2-limit.B.max,04_MATERIAL_SPEC_REV2,limit.B.max,0.006,percent,0.006,OBSERVED,ACCEPTED,0.99,False,existing_ocr,Value supplied by the existing OCR adapter.,"[""EV-04_MATERIAL_SPEC_REV2-011""]",True,False,False
FD-04_MATERIAL_SPEC_REV2-limit.tensile.min,04_MATERIAL_SPEC_REV2,limit.tensile.min,485.0,MPa,485.0,OBSERVED,ACCEPTED,0.99,False,existing_ocr,Value supplied by the existing OCR adapter.,"[""EV-04_MATERIAL_SPEC_REV2-012""]",True,False,False
FD-04_MATERIAL_SPEC_REV2-limit.tensile.max,04_MATERIAL_SPEC_REV2,limit.tensile.max,690.0,MPa,690.0,OBSERVED,ACCEPTED,0.99,False,existing_ocr,Value supplied by the existing OCR adapter.,"[""EV-04_MATERIAL_SPEC_REV2-013""]",True,False,False
FD-05_MATERIAL_CERTIFICATE-certificate_number,05_MATERIAL_CERTIFICATE,certificate_number,NAS-893611,,NAS-893611,OBSERVED,ACCEPTED,0.99,False,existing_ocr,Value supplied by the existing OCR adapter.,"[""EV-05_MATERIAL_CERTIFICATE-001""]",True,False,False
FD-05_MATERIAL_CERTIFICATE-heat_number,05_MATERIAL_CERTIFICATE,heat_number,AN4T,,AN4T,OBSERVED,ACCEPTED,0.99,True,existing_ocr,Value supplied by the existing OCR adapter.,"[""EV-05_MATERIAL_CERTIFICATE-002""]",True,False,False
FD-05_MATERIAL_CERTIFICATE-material_grade,05_MATERIAL_CERTIFICATE,material_grade,INCONEL 725,,SA-240 TP304L,NORMALISED,ACCEPTED,0.99,True,alias_normalisation,Mapped a configured material-grade alias to the canonical grade.,"[""EV-05_MATERIAL_CERTIFICATE-003""]",True,False,False
FD-05_MATERIAL_CERTIFICATE-supplier,05_MATERIAL_CERTIFICATE,supplier,North American Stainless,,North American Stainless,OBSERVED,ACCEPTED,0.99,False,existing_ocr,Value supplied by the existing OCR adapter.,"[""EV-05_MATERIAL_CERTIFICATE-004""]",True,False,False
FD-05_MATERIAL_CERTIFICATE-chemistry.C,05_MATERIAL_CERTIFICATE,chemistry.C,0.021,percent,0.021,OBSERVED,ACCEPTED,0.99,False,existing_ocr,Value supplied by the existing OCR adapter.,"[""EV-05_MATERIAL_CERTIFICATE-005""]",True,False,False
FD-05_MATERIAL_CERTIFICATE-chemistry.Ni,05_MATERIAL_CERTIFICATE,chemistry.Ni,8.078,percent,8.078,OBSERVED,ACCEPTED,0.99,True,existing_ocr,Value supplied by the existing OCR adapter.,"[""EV-05_MATERIAL_CERTIFICATE-006""]",True,False,False
FD-05_MATERIAL_CERTIFICATE-chemistry.Co,05_MATERIAL_CERTIFICATE,chemistry.Co,0.044,percent,0.044,OBSERVED,ACCEPTED,0.99,False,existing_ocr,Value supplied by the existing OCR adapter.,"[""EV-05_MATERIAL_CERTIFICATE-007""]",True,False,False
FD-05_MATERIAL_CERTIFICATE-chemistry.Cr,05_MATERIAL_CERTIFICATE,chemistry.Cr,18.211,percent,18.211,OBSERVED,ACCEPTED,0.99,True,existing_ocr,Value supplied by the existing OCR adapter.,"[""EV-05_MATERIAL_CERTIFICATE-008""]",True,False,False
FD-05_MATERIAL_CERTIFICATE-chemistry.Mo,05_MATERIAL_CERTIFICATE,chemistry.Mo,0.277,percent,0.277,OBSERVED,ACCEPTED,0.99,False,existing_ocr,Value supplied by the existing OCR adapter.,"[""EV-05_MATERIAL_CERTIFICATE-009""]",True,False,False
FD-05_MATERIAL_CERTIFICATE-chemistry.Nb,05_MATERIAL_CERTIFICATE,chemistry.Nb,0.004,percent,0.004,OBSERVED,ACCEPTED,0.99,False,existing_ocr,Value supplied by the existing OCR adapter.,"[""EV-05_MATERIAL_CERTIFICATE-010""]",True,False,False
FD-05_MATERIAL_CERTIFICATE-chemistry.Ta,05_MATERIAL_CERTIFICATE,chemistry.Ta,0.003,percent,0.003,OBSERVED,ACCEPTED,0.99,False,existing_ocr,Value supplied by the existing OCR adapter.,"[""EV-05_MATERIAL_CERTIFICATE-011""]",True,False,False
FD-05_MATERIAL_CERTIFICATE-chemistry.B,05_MATERIAL_CERTIFICATE,chemistry.B,0.0002,percent,,PROPOSED_CROSS_DOCUMENT,REVIEW,0.92,False,cross_document_heat_candidate,"Same-heat ladle analysis supplies a candidate, but the domain pack does not permit treating it as the certificate's observed product result.","[""EV-05_MATERIAL_CERTIFICATE-012"", ""EV-07_LADLE_CHEMISTRY-009""]",False,False,True
FD-05_MATERIAL_CERTIFICATE-tensile_strength_mpa,05_MATERIAL_CERTIFICATE,tensile_strength_mpa,,MPa,,MISSING,NOT_ACCEPTED,0.0,True,existing_ocr,Blank in existing OCR output.,"[""EV-05_MATERIAL_CERTIFICATE-013""]",False,False,False
FD-06_CERTIFICATE_OF_CONFORMANCE-coc_number,06_CERTIFICATE_OF_CONFORMANCE,coc_number,NAS-COC-2024-1847,,NAS-COC-2024-1847,OBSERVED,ACCEPTED,0.99,False,existing_ocr,Value supplied by the existing OCR adapter.,"[""EV-06_CERTIFICATE_OF_CONFORMANCE-001""]",True,False,False
FD-06_CERTIFICATE_OF_CONFORMANCE-po_number,06_CERTIFICATE_OF_CONFORMANCE,po_number,LTTS-PO-2024-0847,,LTTS-PO-2024-0847,OBSERVED,ACCEPTED,0.99,True,existing_ocr,Value supplied by the existing OCR adapter.,"[""EV-06_CERTIFICATE_OF_CONFORMANCE-002""]",True,False,False
FD-06_CERTIFICATE_OF_CONFORMANCE-certificate_number,06_CERTIFICATE_OF_CONFORMANCE,certificate_number,NAS-893611,,NAS-893611,OBSERVED,ACCEPTED,0.99,False,existing_ocr,Value supplied by the existing OCR adapter.,"[""EV-06_CERTIFICATE_OF_CONFORMANCE-003""]",True,False,False
FD-06_CERTIFICATE_OF_CONFORMANCE-heat_number,06_CERTIFICATE_OF_CONFORMANCE,heat_number,AN4T,,AN4T,OBSERVED,ACCEPTED,0.99,True,existing_ocr,Value supplied by the existing OCR adapter.,"[""EV-06_CERTIFICATE_OF_CONFORMANCE-004""]",True,False,False
FD-06_CERTIFICATE_OF_CONFORMANCE-supplier,06_CERTIFICATE_OF_CONFORMANCE,supplier,North American Stainless,,North American Stainless,OBSERVED,ACCEPTED,0.99,False,existing_ocr,Value supplied by the existing OCR adapter.,"[""EV-06_CERTIFICATE_OF_CONFORMANCE-005""]",True,False,False
FD-07_LADLE_CHEMISTRY-heat_number,07_LADLE_CHEMISTRY,heat_number,AN4T,,AN4T,OBSERVED,ACCEPTED,0.99,True,existing_ocr,Value supplied by the existing OCR adapter.,"[""EV-07_LADLE_CHEMISTRY-001""]",True,False,False
FD-07_LADLE_CHEMISTRY-material_grade,07_LADLE_CHEMISTRY,material_grade,INCONEL 725,,SA-240 TP304L,NORMALISED,ACCEPTED,0.99,True,alias_normalisation,Mapped a configured material-grade alias to the canonical grade.,"[""EV-07_LADLE_CHEMISTRY-002""]",True,False,False
FD-07_LADLE_CHEMISTRY-chemistry.C,07_LADLE_CHEMISTRY,chemistry.C,0.021,percent,0.021,OBSERVED,ACCEPTED,0.99,False,existing_ocr,Value supplied by the existing OCR adapter.,"[""EV-07_LADLE_CHEMISTRY-003""]",True,False,False
FD-07_LADLE_CHEMISTRY-chemistry.Cr,07_LADLE_CHEMISTRY,chemistry.Cr,18.211,percent,18.211,OBSERVED,ACCEPTED,0.99,True,existing_ocr,Value supplied by the existing OCR adapter.,"[""EV-07_LADLE_CHEMISTRY-004""]",True,False,False
FD-07_LADLE_CHEMISTRY-chemistry.Ni,07_LADLE_CHEMISTRY,chemistry.Ni,8.078,percent,8.078,OBSERVED,ACCEPTED,0.99,True,existing_ocr,Value supplied by the existing OCR adapter.,"[""EV-07_LADLE_CHEMISTRY-005""]",True,False,False
FD-07_LADLE_CHEMISTRY-chemistry.Mo,07_LADLE_CHEMISTRY,chemistry.Mo,0.277,percent,0.277,OBSERVED,ACCEPTED,0.99,False,existing_ocr,Value supplied by the existing OCR adapter.,"[""EV-07_LADLE_CHEMISTRY-006""]",True,False,False
FD-07_LADLE_CHEMISTRY-chemistry.Nb,07_LADLE_CHEMISTRY,chemistry.Nb,0.004,percent,0.004,OBSERVED,ACCEPTED,0.99,False,existing_ocr,Value supplied by the existing OCR adapter.,"[""EV-07_LADLE_CHEMISTRY-007""]",True,False,False
FD-07_LADLE_CHEMISTRY-chemistry.Ta,07_LADLE_CHEMISTRY,chemistry.Ta,0.003,percent,0.003,OBSERVED,ACCEPTED,0.99,False,existing_ocr,Value supplied by the existing OCR adapter.,"[""EV-07_LADLE_CHEMISTRY-008""]",True,False,False
FD-07_LADLE_CHEMISTRY-chemistry.B,07_LADLE_CHEMISTRY,chemistry.B,0.0002,percent,0.0002,OBSERVED,ACCEPTED,0.99,False,existing_ocr,Value supplied by the existing OCR adapter.,"[""EV-07_LADLE_CHEMISTRY-009""]",True,False,False
FD-07_LADLE_CHEMISTRY-chemistry.Co,07_LADLE_CHEMISTRY,chemistry.Co,0.044,percent,0.044,OBSERVED,ACCEPTED,0.99,False,existing_ocr,Value supplied by the existing OCR adapter.,"[""EV-07_LADLE_CHEMISTRY-010""]",True,False,False
FD-08_MECHANICAL_PROPERTIES-heat_number,08_MECHANICAL_PROPERTIES,heat_number,AN4T,,AN4T,OBSERVED,ACCEPTED,0.99,True,existing_ocr,Value supplied by the existing OCR adapter.,"[""EV-08_MECHANICAL_PROPERTIES-001""]",True,False,False
FD-08_MECHANICAL_PROPERTIES-material_grade,08_MECHANICAL_PROPERTIES,material_grade,INCONEL 725,,SA-240 TP304L,NORMALISED,ACCEPTED,0.99,True,alias_normalisation,Mapped a configured material-grade alias to the canonical grade.,"[""EV-08_MECHANICAL_PROPERTIES-002""]",True,False,False
FD-08_MECHANICAL_PROPERTIES-tensile_strength_mpa,08_MECHANICAL_PROPERTIES,tensile_strength_mpa,653.071411,MPa,94720,RECOVERED_UNIT,ACCEPTED,0.97,True,unit_constraint_recovery,The displayed magnitude is impossible in MPa but valid after deterministic psi-to-MPa conversion.,"[""EV-08_MECHANICAL_PROPERTIES-003""]",True,False,False
FD-09_HARDNESS_TABLE-heat_number,09_HARDNESS_TABLE,heat_number,AN4T,,AN4T,OBSERVED,ACCEPTED,0.99,True,existing_ocr,Value supplied by the existing OCR adapter.,"[""EV-09_HARDNESS_TABLE-001""]",True,False,False
FD-09_HARDNESS_TABLE-hardness_readings_hrc,09_HARDNESS_TABLE,hardness_readings_hrc,"[14.2, 13.8, 14.5, 13.9, 14.1, 14.3, 14.0, 13.7, null]",HRC,"[14.2, 13.8, 14.5, 13.9, 14.1, 14.3, 14.0, 13.7, null]",OBSERVED,ACCEPTED,0.95,False,existing_ocr,Value supplied by the existing OCR adapter.,"[""EV-09_HARDNESS_TABLE-002""]",True,False,False
FD-10_CERTIFICATE_DUPLICATE_SCAN-certificate_number,10_CERTIFICATE_DUPLICATE_SCAN,certificate_number,NAS-893611,,NAS-893611,OBSERVED,ACCEPTED,0.99,False,existing_ocr,Value supplied by the existing OCR adapter.,"[""EV-10_CERTIFICATE_DUPLICATE_SCAN-001""]",True,False,False
FD-10_CERTIFICATE_DUPLICATE_SCAN-heat_number,10_CERTIFICATE_DUPLICATE_SCAN,heat_number,AN4T,,AN4T,OBSERVED,ACCEPTED,0.99,True,existing_ocr,Value supplied by the existing OCR adapter.,"[""EV-10_CERTIFICATE_DUPLICATE_SCAN-002""]",True,False,False
FD-10_CERTIFICATE_DUPLICATE_SCAN-material_grade,10_CERTIFICATE_DUPLICATE_SCAN,material_grade,INCONEL 725,,SA-240 TP304L,NORMALISED,ACCEPTED,0.99,True,alias_normalisation,Mapped a configured material-grade alias to the canonical grade.,"[""EV-10_CERTIFICATE_DUPLICATE_SCAN-003""]",True,False,False
FD-10_CERTIFICATE_DUPLICATE_SCAN-supplier,10_CERTIFICATE_DUPLICATE_SCAN,supplier,North American Stainless,,North American Stainless,OBSERVED,ACCEPTED,0.99,False,existing_ocr,Value supplied by the existing OCR adapter.,"[""EV-10_CERTIFICATE_DUPLICATE_SCAN-004""]",True,False,False
FD-10_CERTIFICATE_DUPLICATE_SCAN-chemistry.C,10_CERTIFICATE_DUPLICATE_SCAN,chemistry.C,0.021,percent,0.021,OBSERVED,ACCEPTED,0.99,False,existing_ocr,Value supplied by the existing OCR adapter.,"[""EV-10_CERTIFICATE_DUPLICATE_SCAN-005""]",True,False,False
FD-10_CERTIFICATE_DUPLICATE_SCAN-chemistry.Ni,10_CERTIFICATE_DUPLICATE_SCAN,chemistry.Ni,8.078,percent,8.078,OBSERVED,ACCEPTED,0.99,True,existing_ocr,Value supplied by the existing OCR adapter.,"[""EV-10_CERTIFICATE_DUPLICATE_SCAN-006""]",True,False,False
FD-10_CERTIFICATE_DUPLICATE_SCAN-chemistry.Co,10_CERTIFICATE_DUPLICATE_SCAN,chemistry.Co,0.044,percent,0.044,OBSERVED,ACCEPTED,0.99,False,existing_ocr,Value supplied by the existing OCR adapter.,"[""EV-10_CERTIFICATE_DUPLICATE_SCAN-007""]",True,False,False
FD-10_CERTIFICATE_DUPLICATE_SCAN-chemistry.Cr,10_CERTIFICATE_DUPLICATE_SCAN,chemistry.Cr,18.211,percent,18.211,OBSERVED,ACCEPTED,0.99,True,existing_ocr,Value supplied by the existing OCR adapter.,"[""EV-10_CERTIFICATE_DUPLICATE_SCAN-008""]",True,False,False
FD-10_CERTIFICATE_DUPLICATE_SCAN-chemistry.Mo,10_CERTIFICATE_DUPLICATE_SCAN,chemistry.Mo,0.277,percent,0.277,OBSERVED,ACCEPTED,0.99,False,existing_ocr,Value supplied by the existing OCR adapter.,"[""EV-10_CERTIFICATE_DUPLICATE_SCAN-009""]",True,False,False
FD-10_CERTIFICATE_DUPLICATE_SCAN-chemistry.Nb,10_CERTIFICATE_DUPLICATE_SCAN,chemistry.Nb,0.004,percent,0.004,OBSERVED,ACCEPTED,0.99,False,existing_ocr,Value supplied by the existing OCR adapter.,"[""EV-10_CERTIFICATE_DUPLICATE_SCAN-010""]",True,False,False
FD-10_CERTIFICATE_DUPLICATE_SCAN-chemistry.Ta,10_CERTIFICATE_DUPLICATE_SCAN,chemistry.Ta,0.003,percent,0.003,OBSERVED,ACCEPTED,0.99,False,existing_ocr,Value supplied by the existing OCR adapter.,"[""EV-10_CERTIFICATE_DUPLICATE_SCAN-011""]",True,False,False
FD-10_CERTIFICATE_DUPLICATE_SCAN-chemistry.B,10_CERTIFICATE_DUPLICATE_SCAN,chemistry.B,0.0002,percent,,PROPOSED_CROSS_DOCUMENT,REVIEW,0.92,False,cross_document_heat_candidate,"Same-heat ladle analysis supplies a candidate, but the domain pack does not permit treating it as the certificate's observed product result.","[""EV-10_CERTIFICATE_DUPLICATE_SCAN-012"", ""EV-07_LADLE_CHEMISTRY-009""]",False,False,True
FD-10_CERTIFICATE_DUPLICATE_SCAN-tensile_strength_mpa,10_CERTIFICATE_DUPLICATE_SCAN,tensile_strength_mpa,,MPa,,MISSING,NOT_ACCEPTED,0.0,True,existing_ocr,Blank in existing OCR output.,"[""EV-10_CERTIFICATE_DUPLICATE_SCAN-013""]",False,False,False
FD-11_MATERIAL_SPEC_OLD_REV1-specification_number,11_MATERIAL_SPEC_OLD_REV1,specification_number,SPEC-SA240-304L,,SPEC-SA240-304L,OBSERVED,ACCEPTED,0.99,False,existing_ocr,Value supplied by the existing OCR adapter.,"[""EV-11_MATERIAL_SPEC_OLD_REV1-001""]",True,False,False
FD-11_MATERIAL_SPEC_OLD_REV1-material_grade,11_MATERIAL_SPEC_OLD_REV1,material_grade,INCONEL 725,,INCONEL 725,OBSERVED,ACCEPTED,0.99,True,existing_ocr,Value supplied by the existing OCR adapter.,"[""EV-11_MATERIAL_SPEC_OLD_REV1-002""]",True,False,False
FD-11_MATERIAL_SPEC_OLD_REV1-revision,11_MATERIAL_SPEC_OLD_REV1,revision,1,,1,OBSERVED,ACCEPTED,0.99,False,existing_ocr,Value supplied by the existing OCR adapter.,"[""EV-11_MATERIAL_SPEC_OLD_REV1-003""]",True,False,False
FD-11_MATERIAL_SPEC_OLD_REV1-limit.Cr.min,11_MATERIAL_SPEC_OLD_REV1,limit.Cr.min,18.0,percent,18.0,OBSERVED,ACCEPTED,0.99,False,existing_ocr,Value supplied by the existing OCR adapter.,"[""EV-11_MATERIAL_SPEC_OLD_REV1-004""]",True,False,False
FD-11_MATERIAL_SPEC_OLD_REV1-limit.Cr.max,11_MATERIAL_SPEC_OLD_REV1,limit.Cr.max,20.0,percent,20.0,OBSERVED,ACCEPTED,0.99,False,existing_ocr,Value supplied by the existing OCR adapter.,"[""EV-11_MATERIAL_SPEC_OLD_REV1-005""]",True,False,False
FD-11_MATERIAL_SPEC_OLD_REV1-limit.Ni.min,11_MATERIAL_SPEC_OLD_REV1,limit.Ni.min,8.0,percent,8.0,OBSERVED,ACCEPTED,0.99,False,existing_ocr,Value supplied by the existing OCR adapter.,"[""EV-11_MATERIAL_SPEC_OLD_REV1-006""]",True,False,False
FD-12_FINAL_INSPECTION-part_number,12_FINAL_INSPECTION,part_number,PN-304L-PLT-0750,,PN-304L-PLT-0750,OBSERVED,ACCEPTED,0.99,True,existing_ocr,Value supplied by the existing OCR adapter.,"[""EV-12_FINAL_INSPECTION-001""]",True,False,False
FD-12_FINAL_INSPECTION-heat_number,12_FINAL_INSPECTION,heat_number,AN4T,,AN4T,OBSERVED,ACCEPTED,0.99,True,existing_ocr,Value supplied by the existing OCR adapter.,"[""EV-12_FINAL_INSPECTION-002""]",True,False,False
FD-12_FINAL_INSPECTION-inspector_signoff,12_FINAL_INSPECTION,inspector_signoff,,,,MISSING,NOT_ACCEPTED,0.0,False,existing_ocr,Blank in existing OCR output.,"[""EV-12_FINAL_INSPECTION-003""]",False,False,False
FD-09_HARDNESS_TABLE-hardness_row_9_col_2_hrc,09_HARDNESS_TABLE,hardness_row_9_col_2_hrc,14.05,HRC,,ANALYTICS_ONLY,ANALYTICS_ONLY,0.0,False,same_row_median_imputation,Median of visible same-row readings; never represented as a certified measurement.,"[""EV-09_HARDNESS_TABLE-002""]",False,True,False
FD-CONNECTED-LTTS-PO-2024-0847-quantity,CONNECTED-LTTS-PO-2024-0847,quantity,,pcs,"[{""document_id"": ""01_PURCHASE_ORDER"", ""document_type"": ""purchase_order"", ""value"": 12, ""authority_rank"": 1}, {""document_id"": ""02_SUPPLIER_INVOICE"", ""document_type"": ""invoice"", ""value"": 11, ""authority_rank"": 2}]",CONFLICT,REVIEW,0.0,True,cross_document_conflict_detection,Sources disagree on quantity; source authority is recorded but no value is silently selected.,"[""EV-01_PURCHASE_ORDER-005"", ""EV-02_SUPPLIER_INVOICE-005""]",False,False,True
