document_id,requirement,value,unit,status,evidence_ids
04_MATERIAL_SPEC_REV2,limit.Cr.min,18.0,percent,OBSERVED,"[""EV-04_MATERIAL_SPEC_REV2-004""]"
04_MATERIAL_SPEC_REV2,limit.Cr.max,20.0,percent,OBSERVED,"[""EV-04_MATERIAL_SPEC_REV2-005""]"
04_MATERIAL_SPEC_REV2,limit.Ni.min,8.0,percent,OBSERVED,"[""EV-04_MATERIAL_SPEC_REV2-006""]"
04_MATERIAL_SPEC_REV2,limit.Mo.min,0.0,percent,OBSERVED,"[""EV-04_MATERIAL_SPEC_REV2-007""]"
04_MATERIAL_SPEC_REV2,limit.Mo.max,0.75,percent,OBSERVED,"[""EV-04_MATERIAL_SPEC_REV2-008""]"
04_MATERIAL_SPEC_REV2,limit.NbTa.min,0.0,percent,OBSERVED,"[""EV-04_MATERIAL_SPEC_REV2-009""]"
04_MATERIAL_SPEC_REV2,limit.NbTa.max,0.1,percent,OBSERVED,"[""EV-04_MATERIAL_SPEC_REV2-010""]"
04_MATERIAL_SPEC_REV2,limit.B.max,0.006,percent,OBSERVED,"[""EV-04_MATERIAL_SPEC_REV2-011""]"
04_MATERIAL_SPEC_REV2,limit.tensile.min,485.0,MPa,OBSERVED,"[""EV-04_MATERIAL_SPEC_REV2-012""]"
04_MATERIAL_SPEC_REV2,limit.tensile.max,690.0,MPa,OBSERVED,"[""EV-04_MATERIAL_SPEC_REV2-013""]"
11_MATERIAL_SPEC_OLD_REV1,limit.Cr.min,18.0,percent,OBSERVED,"[""EV-11_MATERIAL_SPEC_OLD_REV1-004""]"
11_MATERIAL_SPEC_OLD_REV1,limit.Cr.max,20.0,percent,OBSERVED,"[""EV-11_MATERIAL_SPEC_OLD_REV1-005""]"
11_MATERIAL_SPEC_OLD_REV1,limit.Ni.min,8.0,percent,OBSERVED,"[""EV-11_MATERIAL_SPEC_OLD_REV1-006""]"
